[{
  "_id": {
    "$oid": "666baf525798e4ad929707c2"
  },
  "nombre_cerveza": "lager"
},
{
  "_id": {
    "$oid": "666baf525798e4ad929707c3"
  },
  "materia_prima": [
    {
      "nombre": "cebada",
      "cantidad_kg": 2000
    },
    {
      "nombre": "agua",
      "cantidad_ml": 400
    },
    {
      "nombre": "lupulo",
      "cantidad_kg": 1000
    },
    {
      "nombre": "azucar",
      "cantidad_kg": 200
    }
  ]
},
{
  "_id": {
    "$oid": "666bb1705798e4ad929707c5"
  },
  "nombre_cerveza": "ales"
},
{
  "_id": {
    "$oid": "666bb1705798e4ad929707c6"
  },
  "materia_prima": [
    {
      "nombre": "malta",
      "cantidad_kg": 2000
    },
    {
      "nombre": "agua",
      "cantidad_ml": 400
    },
    {
      "nombre": "lupulo",
      "cantidad_kg": 1000
    },
    {
      "nombre": "azucar",
      "cantidad_kg": 200
    }
  ]
},
{
  "_id": {
    "$oid": "666bb2825798e4ad929707c8"
  },
  "nombre_cerveza": "club"
},
{
  "_id": {
    "$oid": "666bb2825798e4ad929707c9"
  },
  "materia_prima": [
    {
      "nombre": "levadura",
      "cantidad_kg": 2000
    },
    {
      "nombre": "agua",
      "cantidad_ml": 400
    },
    {
      "nombre": "malta",
      "cantidad_kg": 500
    },
    {
      "nombre": "lupulo",
      "cantidad_kg": 1000
    },
    {
      "nombre": "azucar",
      "cantidad_kg": 200
    }
  ]
}]