[{
  "_id": {
    "$oid": "666a28e6eea40e1a48f9fda1"
  },
  "nombre_categoria": "ales",
  "descripcion": "cerveza suave con 2.5 grados de alcohol ",
  "precio": 12.5
},
{
  "_id": {
    "$oid": "666a28e6eea40e1a48f9fda2"
  },
  "nombre_categoria": "lager",
  "descripcion": "cerveza amarga 4 grados de alcohol",
  "precio": 13.4
},
{
  "_id": {
    "$oid": "666a28e6eea40e1a48f9fda3"
  },
  "nombre_categoria": "clud",
  "descripcion": "cerveza dorada seca con 4.5 grados de alcohol",
  "precio": 14
}]